{"cameraMode":{"drawMode":0,"name":"Shaded","section":"Shading Mode"},"sceneLighting":true,"audioPlay":false,"sceneViewState":{"m_AlwaysRefresh":false,"showFog":true,"showSkybox":true,"showFlares":true,"showImageEffects":true,"showParticleSystems":true,"showVisualEffectGraphs":true,"m_FxEnabled":true},"in2DMode":false,"pivot":{"x":0.16403919458389283,"y":6.683353424072266,"z":4.250909805297852},"rotation":{"x":-0.003953734878450632,"y":0.8148754239082336,"z":-0.5796682834625244,"w":-0.005633245687931776},"size":14.664499282836914,"orthographic":false}